"Date","Price","Open","High","Low","Change %"
"Jul 26, 2019","2.074","2.081","2.100","2.063","-0.43%"
"Jul 25, 2019","2.083","2.043","2.100","2.011","1.61%"
"Jul 24, 2019","2.050","2.085","2.085","2.038","-1.35%"
"Jul 23, 2019","2.078","2.050","2.085","2.043","1.37%"
"Jul 22, 2019","2.050","2.057","2.067","2.027","-0.42%"
"Jul 21, 2019","2.059","2.060","2.060","2.059","0.08%"
"Jul 19, 2019","2.057","2.042","2.064","2.035","1.53%"
"Jul 18, 2019","2.026","2.054","2.078","2.023","-0.83%"
"Jul 17, 2019","2.043","2.108","2.111","2.043","-2.99%"
"Jul 16, 2019","2.106","2.090","2.143","2.083","0.77%"
"Jul 15, 2019","2.090","2.150","2.150","2.087","-1.59%"
"Jul 14, 2019","2.124","2.124","2.124","2.124","0.00%"
"Jul 12, 2019","2.124","2.136","2.150","2.105","-0.89%"
"Jul 11, 2019","2.143","2.053","2.150","2.037","3.98%"
"Jul 10, 2019","2.061","2.067","2.113","2.039","-0.53%"
"Jul 09, 2019","2.072","2.039","2.072","2.034","1.17%"
"Jul 08, 2019","2.048","2.041","2.053","2.010","0.27%"
"Jul 07, 2019","2.043","2.043","2.043","2.043","0.17%"
"Jul 05, 2019","2.039","1.945","2.068","1.941","4.67%"
"Jul 04, 2019","1.948","1.946","1.948","1.946","-0.25%"
"Jul 03, 2019","1.953","1.972","1.972","1.939","-1.16%"
"Jul 02, 2019","1.976","2.017","2.024","1.974","-2.80%"
"Jul 01, 2019","2.033","2.045","2.048","2.005","-0.58%"
"Jun 30, 2019","2.045","2.038","2.045","2.038","1.88%"
"Jun 28, 2019","2.007","2.017","2.033","1.998","-0.35%"
"Jun 27, 2019","2.014","2.045","2.073","2.004","-1.76%"
"Jun 26, 2019","2.050","1.999","2.052","1.997","3.12%"
"Jun 25, 2019","1.988","2.014","2.025","1.982","-1.49%"
"Jun 24, 2019","2.018","2.059","2.066","2.014","-2.00%"
"Jun 23, 2019","2.059","2.057","2.061","2.057","0.00%"
"Jun 21, 2019","2.059","2.018","2.069","1.999","1.78%"
"Jun 20, 2019","2.023","2.027","2.039","1.974","-0.30%"
"Jun 19, 2019","2.029","2.063","2.099","2.020","-1.41%"
"Jun 18, 2019","2.058","2.091","2.098","2.016","-1.58%"
"Jun 17, 2019","2.091","2.092","2.115","2.079","-0.07%"
"Jun 16, 2019","2.092","2.087","2.094","2.087","0.41%"
"Jun 14, 2019","2.084","2.086","2.110","2.058","-0.43%"
"Jun 13, 2019","2.093","2.124","2.129","2.082","-1.37%"
"Jun 12, 2019","2.122","2.138","2.143","2.110","-1.07%"
"Jun 11, 2019","2.145","2.141","2.178","2.138","-0.23%"
"Jun 10, 2019","2.150","2.122","2.152","2.112","1.38%"
"Jun 09, 2019","2.121","2.122","2.122","2.121","1.76%"
"Jun 07, 2019","2.084","2.128","2.133","2.053","-1.74%"
"Jun 06, 2019","2.121","2.126","2.136","2.092","-0.47%"
"Jun 05, 2019","2.131","2.131","2.136","2.078","0.47%"
"Jun 04, 2019","2.121","2.083","2.147","2.083","2.22%"
"Jun 03, 2019","2.075","2.126","2.135","2.061","-2.33%"
"Jun 02, 2019","2.125","2.128","2.128","2.125","-0.39%"
"May 31, 2019","2.133","2.191","2.194","2.126","-3.79%"
"May 30, 2019","2.217","2.262","2.285","2.211","-1.99%"
"May 29, 2019","2.262","2.266","2.267","2.210","-0.26%"
"May 28, 2019","2.268","2.308","2.317","2.262","-1.81%"
"May 27, 2019","2.310","2.310","2.310","2.310","-0.62%"
"May 24, 2019","2.324","2.320","2.334","2.308","0.09%"
"May 23, 2019","2.322","2.386","2.386","2.292","-2.44%"
"May 22, 2019","2.380","2.426","2.434","2.380","-1.98%"
"May 21, 2019","2.428","2.416","2.441","2.407","0.37%"
"May 20, 2019","2.419","2.400","2.419","2.380","0.73%"
"May 19, 2019","2.401","2.394","2.401","2.394","0.36%"
"May 17, 2019","2.393","2.396","2.409","2.364","-0.04%"
"May 16, 2019","2.394","2.373","2.416","2.354","0.72%"
"May 15, 2019","2.377","2.409","2.419","2.361","-1.53%"
"May 14, 2019","2.414","2.401","2.428","2.394","0.46%"
"May 13, 2019","2.403","2.433","2.442","2.389","-1.32%"
"May 12, 2019","2.435","2.437","2.437","2.435","-1.53%"
"May 10, 2019","2.473","2.455","2.473","2.426","0.82%"
"May 09, 2019","2.453","2.476","2.480","2.424","-1.29%"
"May 08, 2019","2.485","2.457","2.491","2.426","1.51%"
"May 07, 2019","2.448","2.480","2.501","2.444","-2.08%"
"May 06, 2019","2.500","2.482","2.503","2.473","-1.21%"
"May 05, 2019","2.530","2.530","2.530","2.530","0.00%"
"May 03, 2019","2.530","2.545","2.578","2.514","-0.59%"
"May 02, 2019","2.545","2.522","2.558","2.509","1.72%"
"May 01, 2019","2.502","2.509","2.520","2.455","-0.08%"
"Apr 30, 2019","2.504","2.527","2.550","2.502","-0.91%"
"Apr 29, 2019","2.527","2.509","2.541","2.504","1.08%"
"Apr 26, 2019","2.500","2.529","2.545","2.495","-1.34%"
"Apr 25, 2019","2.534","2.523","2.542","2.516","0.64%"
"Apr 24, 2019","2.518","2.572","2.572","2.518","-1.99%"
"Apr 23, 2019","2.569","2.587","2.594","2.563","-0.70%"
"Apr 22, 2019","2.587","2.558","2.592","2.558","1.07%"
"Apr 21, 2019","2.560","2.561","2.561","2.558","0.00%"
"Apr 18, 2019","2.560","2.587","2.589","2.549","-1.31%"
"Apr 17, 2019","2.594","2.585","2.614","2.579","0.08%"
"Apr 16, 2019","2.592","2.556","2.596","2.547","1.41%"
"Apr 15, 2019","2.556","2.558","2.574","2.547","0.00%"
"Apr 14, 2019","2.556","2.558","2.558","2.556","-0.23%"
"Apr 12, 2019","2.562","2.499","2.567","2.490","2.52%"
"Apr 11, 2019","2.499","2.474","2.510","2.470","1.38%"
"Apr 10, 2019","2.465","2.501","2.511","2.463","-1.48%"
"Apr 09, 2019","2.502","2.519","2.527","2.485","-0.71%"
"Apr 08, 2019","2.520","2.503","2.524","2.486","0.70%"
"Apr 07, 2019","2.503","2.504","2.504","2.503","0.14%"
"Apr 05, 2019","2.499","2.515","2.544","2.494","-0.56%"
"Apr 04, 2019","2.513","2.517","2.526","2.496","-0.59%"
"Apr 03, 2019","2.528","2.472","2.528","2.469","2.27%"
"Apr 02, 2019","2.472","2.488","2.492","2.467","-1.24%"
"Apr 01, 2019","2.503","2.430","2.508","2.424","3.09%"
"Mar 31, 2019","2.428","2.424","2.428","2.424","0.87%"
"Mar 29, 2019","2.407","2.393","2.433","2.391","0.67%"
"Mar 28, 2019","2.391","2.365","2.405","2.340","0.42%"
"Mar 27, 2019","2.381","2.425","2.432","2.352","-1.81%"
"Mar 26, 2019","2.425","2.414","2.453","2.402","0.83%"
"Mar 25, 2019","2.405","2.453","2.473","2.377","-1.89%"
"Mar 24, 2019","2.451","2.450","2.451","2.450","0.59%"
"Mar 22, 2019","2.437","2.539","2.539","2.418","-4.02%"
"Mar 21, 2019","2.539","2.524","2.546","2.500","0.55%"
"Mar 20, 2019","2.525","2.616","2.618","2.524","-3.55%"
"Mar 19, 2019","2.618","2.603","2.634","2.591","0.50%"
"Mar 18, 2019","2.605","2.594","2.611","2.585","0.41%"
"Mar 17, 2019","2.594","2.592","2.594","2.592","0.13%"
"Mar 15, 2019","2.591","2.628","2.638","2.580","-1.48%"
"Mar 14, 2019","2.630","2.621","2.645","2.611","0.19%"
"Mar 13, 2019","2.625","2.607","2.628","2.605","0.96%"
"Mar 12, 2019","2.600","2.657","2.674","2.596","-1.55%"
"Mar 11, 2019","2.641","2.630","2.659","2.623","0.41%"
"Mar 10, 2019","2.630","2.628","2.630","2.628","0.00%"
"Mar 08, 2019","2.630","2.645","2.652","2.607","-0.42%"
"Mar 07, 2019","2.641","2.690","2.693","2.636","-1.93%"
"Mar 06, 2019","2.693","2.719","2.720","2.679","-0.96%"
"Mar 05, 2019","2.719","2.728","2.750","2.715","-0.18%"
"Mar 04, 2019","2.724","2.766","2.768","2.719","-1.51%"
"Mar 03, 2019","2.766","2.770","2.770","2.766","0.25%"
"Mar 01, 2019","2.759","2.719","2.768","2.711","1.55%"
"Feb 28, 2019","2.717","2.675","2.731","2.659","1.15%"
"Feb 27, 2019","2.686","2.634","2.699","2.628","1.82%"
"Feb 26, 2019","2.638","2.663","2.668","2.632","-1.12%"
"Feb 25, 2019","2.668","2.668","2.684","2.655","0.07%"
"Feb 24, 2019","2.666","2.664","2.666","2.664","0.46%"
"Feb 22, 2019","2.654","2.688","2.688","2.638","-1.52%"
"Feb 21, 2019","2.695","2.645","2.697","2.641","1.77%"
"Feb 20, 2019","2.648","2.641","2.659","2.627","0.46%"
"Feb 19, 2019","2.636","2.675","2.675","2.634","-1.40%"
"Feb 18, 2019","2.673","2.673","2.673","2.673","0.35%"
"Feb 15, 2019","2.664","2.659","2.688","2.645","0.34%"
"Feb 14, 2019","2.655","2.698","2.713","2.643","-1.99%"
"Feb 13, 2019","2.709","2.693","2.715","2.681","0.86%"
"Feb 12, 2019","2.686","2.654","2.691","2.654","1.21%"
"Feb 11, 2019","2.654","2.638","2.670","2.636","0.76%"
"Feb 10, 2019","2.634","2.634","2.634","2.634","0.00%"
"Feb 08, 2019","2.634","2.657","2.659","2.625","-0.87%"
"Feb 07, 2019","2.657","2.697","2.698","2.650","-1.59%"
"Feb 06, 2019","2.700","2.704","2.704","2.673","-0.15%"
"Feb 05, 2019","2.704","2.718","2.740","2.688","-0.77%"
"Feb 04, 2019","2.725","2.693","2.734","2.684","1.25%"
"Feb 03, 2019","2.691","2.691","2.691","2.691","0.28%"
"Feb 01, 2019","2.684","2.645","2.697","2.624","1.94%"
"Jan 31, 2019","2.633","2.683","2.685","2.619","-1.68%"
"Jan 30, 2019","2.678","2.715","2.735","2.676","-1.18%"
"Jan 29, 2019","2.710","2.742","2.747","2.706","-1.38%"
"Jan 28, 2019","2.748","2.755","2.766","2.728","-0.25%"
"Jan 27, 2019","2.755","2.755","2.755","2.755","-0.15%"
"Jan 25, 2019","2.759","2.721","2.760","2.719","1.58%"
"Jan 24, 2019","2.716","2.744","2.753","2.701","-1.24%"
"Jan 23, 2019","2.750","2.739","2.779","2.734","0.33%"
"Jan 22, 2019","2.741","2.775","2.779","2.727","-1.17%"
"Jan 21, 2019","2.773","2.775","2.775","2.773","-0.52%"
"Jan 18, 2019","2.788","2.747","2.799","2.743","1.38%"
"Jan 17, 2019","2.750","2.720","2.761","2.698","0.84%"
"Jan 16, 2019","2.727","2.713","2.743","2.704","0.33%"
"Jan 15, 2019","2.718","2.704","2.722","2.679","0.44%"
"Jan 14, 2019","2.706","2.676","2.711","2.660","0.26%"
"Jan 13, 2019","2.699","2.699","2.699","2.699","0.00%"
"Jan 11, 2019","2.699","2.731","2.740","2.681","-1.71%"
"Jan 10, 2019","2.746","2.710","2.747","2.678","1.25%"
"Jan 09, 2019","2.712","2.730","2.747","2.710","-0.66%"
"Jan 08, 2019","2.730","2.692","2.733","2.687","1.19%"
"Jan 07, 2019","2.698","2.666","2.701","2.632","1.14%"
"Jan 06, 2019","2.668","2.668","2.668","2.668","0.00%"
"Jan 04, 2019","2.668","2.564","2.678","2.543","4.55%"
"Jan 03, 2019","2.552","2.618","2.656","2.545","-3.08%"
"Jan 02, 2019","2.633","2.686","2.697","2.622","-1.97%"
"Jan 01, 2019","2.686","2.686","2.686","2.686","0.00%"
"Dec 31, 2018","2.686","2.730","2.745","2.679","-1.12%"
"Dec 30, 2018","2.716","2.716","2.716","2.716","0.00%"
"Dec 28, 2018","2.716","2.768","2.781","2.713","-2.09%"
"Dec 27, 2018","2.774","2.803","2.806","2.733","-1.28%"
"Dec 26, 2018","2.810","2.751","2.815","2.720","2.16%"
"Dec 25, 2018","2.751","2.749","2.751","2.749","0.54%"
"Dec 24, 2018","2.736","2.826","2.826","2.733","-1.88%"
"Dec 23, 2018","2.788","2.788","2.788","2.788","0.00%"
"Dec 21, 2018","2.788","2.801","2.810","2.781","-0.71%"
"Dec 20, 2018","2.808","2.767","2.814","2.748","1.67%"
"Dec 19, 2018","2.762","2.819","2.861","2.750","-2.16%"
"Dec 18, 2018","2.823","2.859","2.861","2.818","-1.19%"
"Dec 17, 2018","2.857","2.895","2.898","2.848","-1.25%"
"Dec 16, 2018","2.893","2.893","2.893","2.893","-0.07%"
"Dec 14, 2018","2.895","2.909","2.913","2.870","-0.62%"
"Dec 13, 2018","2.913","2.910","2.918","2.891","0.07%"
"Dec 12, 2018","2.911","2.884","2.917","2.879","1.11%"
"Dec 11, 2018","2.879","2.850","2.890","2.845","0.56%"
"Dec 10, 2018","2.863","2.829","2.868","2.825","1.21%"
"Dec 09, 2018","2.829","2.825","2.829","2.825","-1.02%"
"Dec 07, 2018","2.858","2.901","2.921","2.847","-1.18%"
"Dec 06, 2018","2.892","2.917","2.924","2.826","-0.86%"
"Dec 05, 2018","2.917","2.912","2.917","2.912","0.08%"
"Dec 04, 2018","2.915","2.975","2.977","2.885","-1.72%"
"Dec 03, 2018","2.966","3.037","3.050","2.966","-2.40%"
"Dec 02, 2018","3.039","3.037","3.039","3.037","1.53%"
"Nov 30, 2018","2.993","3.026","3.032","2.988","-1.29%"
"Nov 29, 2018","3.032","3.048","3.052","2.997","-0.95%"
"Nov 28, 2018","3.061","3.057","3.075","3.043","0.07%"
"Nov 27, 2018","3.059","3.059","3.074","3.044","0.00%"
"Nov 26, 2018","3.059","3.050","3.079","3.046","0.36%"
"Nov 25, 2018","3.048","3.048","3.048","3.048","0.07%"
"Nov 23, 2018","3.046","3.068","3.076","3.032","-0.61%"
"Nov 22, 2018","3.065","3.065","3.065","3.065","0.00%"
"Nov 21, 2018","3.065","3.065","3.088","3.061","0.13%"
"Nov 20, 2018","3.061","3.063","3.070","3.036","-0.07%"
"Nov 19, 2018","3.063","3.057","3.096","3.052","0.18%"
"Nov 18, 2018","3.057","3.057","3.057","3.057","-0.25%"
"Nov 16, 2018","3.065","3.110","3.123","3.065","-1.45%"
"Nov 15, 2018","3.110","3.123","3.136","3.081","-0.54%"
"Nov 14, 2018","3.127","3.145","3.165","3.092","-0.48%"
"Nov 13, 2018","3.142","3.151","3.176","3.138","-0.28%"
"Nov 12, 2018","3.151","3.186","3.186","3.151","-1.11%"
"Nov 09, 2018","3.186","3.232","3.236","3.180","-1.64%"
"Nov 08, 2018","3.239","3.236","3.243","3.206","0.06%"
"Nov 07, 2018","3.237","3.213","3.250","3.176","0.19%"
"Nov 06, 2018","3.231","3.208","3.231","3.189","0.94%"
"Nov 05, 2018","3.201","3.208","3.212","3.186","-0.29%"
"Nov 04, 2018","3.210","3.210","3.210","3.210","-0.30%"
"Nov 02, 2018","3.220","3.140","3.224","3.136","2.74%"
"Nov 01, 2018","3.134","3.155","3.174","3.130","-0.48%"
"Oct 31, 2018","3.149","3.125","3.162","3.123","0.96%"
"Oct 30, 2018","3.119","3.087","3.125","3.083","0.97%"
"Oct 29, 2018","3.089","3.081","3.117","3.059","0.19%"
"Oct 28, 2018","3.083","3.083","3.083","3.083","0.19%"
"Oct 26, 2018","3.077","3.109","3.117","3.057","-1.57%"
"Oct 25, 2018","3.126","3.102","3.145","3.100","0.48%"
"Oct 24, 2018","3.111","3.170","3.170","3.094","-1.89%"
"Oct 23, 2018","3.171","3.192","3.194","3.111","-0.91%"
"Oct 22, 2018","3.200","3.192","3.209","3.177","0.25%"
"Oct 21, 2018","3.192","3.190","3.192","3.190","-0.13%"
"Oct 19, 2018","3.196","3.175","3.209","3.169","0.60%"
"Oct 18, 2018","3.177","3.207","3.217","3.160","-0.94%"
"Oct 17, 2018","3.207","3.169","3.207","3.146","1.39%"
"Oct 16, 2018","3.163","3.158","3.178","3.152","0.22%"
"Oct 15, 2018","3.156","3.158","3.165","3.142","-0.11%"
"Oct 14, 2018","3.159","3.158","3.159","3.156","-0.24%"
"Oct 12, 2018","3.167","3.154","3.184","3.131","0.67%"
"Oct 11, 2018","3.146","3.163","3.195","3.124","-0.88%"
"Oct 10, 2018","3.174","3.214","3.244","3.165","-1.00%"
"Oct 09, 2018","3.206","3.231","3.261","3.203","-0.77%"
"Oct 08, 2018","3.231","3.237","3.237","3.231","-0.06%"
"Oct 05, 2018","3.233","3.193","3.248","3.187","1.44%"
"Oct 04, 2018","3.187","3.198","3.232","3.176","0.19%"
"Oct 03, 2018","3.181","3.061","3.187","3.050","3.92%"
"Oct 02, 2018","3.061","3.087","3.087","3.046","-0.81%"
"Oct 01, 2018","3.086","3.067","3.095","3.063","0.57%"
"Sep 30, 2018","3.069","3.069","3.069","3.069","0.12%"
"Sep 28, 2018","3.065","3.048","3.065","3.026","0.33%"
"Sep 27, 2018","3.055","3.054","3.074","3.030","0.23%"
"Sep 26, 2018","3.048","3.096","3.098","3.048","-1.61%"
"Sep 25, 2018","3.098","3.089","3.113","3.087","0.29%"
"Sep 24, 2018","3.089","3.098","3.098","3.065","0.73%"
"Sep 23, 2018","3.066","3.066","3.066","3.066","0.00%"
"Sep 21, 2018","3.067","3.065","3.085","3.057","0.10%"
"Sep 20, 2018","3.064","3.066","3.096","3.059","-0.07%"
"Sep 19, 2018","3.066","3.055","3.092","3.044","0.29%"
"Sep 18, 2018","3.057","2.979","3.059","2.977","2.10%"
"Sep 17, 2018","2.994","2.990","3.022","2.985","-0.18%"
"Sep 16, 2018","3.000","2.961","3.000","2.959","0.00%"
"Sep 14, 2018","2.999","2.974","3.003","2.968","0.84%"
"Sep 13, 2018","2.974","2.964","2.983","2.944","0.30%"
"Sep 12, 2018","2.965","2.974","2.976","2.955","-0.54%"
"Sep 11, 2018","2.981","2.935","2.983","2.935","1.57%"
"Sep 10, 2018","2.935","2.944","2.950","2.930","-0.25%"
"Sep 09, 2018","2.942","2.941","2.942","2.941","0.12%"
"Sep 07, 2018","2.939","2.875","2.950","2.871","2.12%"
"Sep 06, 2018","2.878","2.900","2.911","2.871","-0.90%"
"Sep 05, 2018","2.904","2.898","2.917","2.884","0.21%"
"Sep 04, 2018","2.898","2.860","2.906","2.855","1.25%"
"Sep 03, 2018","2.862","2.862","2.862","2.862","0.08%"
"Aug 31, 2018","2.860","2.860","2.868","2.831","0.03%"
"Aug 30, 2018","2.859","2.880","2.888","2.855","-0.94%"
"Aug 29, 2018","2.886","2.878","2.898","2.866","0.07%"
"Aug 28, 2018","2.884","2.851","2.888","2.844","1.34%"
"Aug 27, 2018","2.846","2.821","2.851","2.815","0.90%"
"Aug 26, 2018","2.821","2.822","2.824","2.821","0.27%"
"Aug 24, 2018","2.813","2.824","2.850","2.812","-0.53%"
"Aug 23, 2018","2.828","2.817","2.832","2.812","0.25%"
"Aug 22, 2018","2.821","2.824","2.837","2.808","-0.74%"
"Aug 21, 2018","2.842","2.824","2.853","2.819","0.82%"
"Aug 20, 2018","2.819","2.866","2.869","2.815","-1.70%"
"Aug 19, 2018","2.868","2.866","2.868","2.866","0.13%"
"Aug 17, 2018","2.864","2.868","2.877","2.844","-0.21%"
"Aug 16, 2018","2.870","2.864","2.893","2.857","0.21%"
"Aug 15, 2018","2.864","2.900","2.900","2.837","-1.24%"
"Aug 14, 2018","2.900","2.877","2.902","2.877","0.80%"
"Aug 13, 2018","2.877","2.866","2.889","2.848","0.45%"
"Aug 12, 2018","2.864","2.870","2.871","2.864","-0.31%"
"Aug 10, 2018","2.873","2.929","2.931","2.853","-1.91%"
"Aug 09, 2018","2.929","2.959","2.964","2.924","-1.18%"
"Aug 08, 2018","2.964","2.973","2.986","2.958","-0.44%"
"Aug 07, 2018","2.977","2.943","2.979","2.936","1.09%"
"Aug 06, 2018","2.945","2.956","2.962","2.925","-0.38%"
"Aug 05, 2018","2.956","2.958","2.960","2.956","0.18%"
"Aug 03, 2018","2.951","2.993","2.997","2.951","-1.17%"
"Aug 02, 2018","2.986","3.003","3.006","2.975","-0.63%"
"Aug 01, 2018","3.005","2.958","3.016","2.954","1.45%"
"Jul 31, 2018","2.962","2.969","2.977","2.934","-0.44%"
"Jul 30, 2018","2.975","2.962","2.990","2.958","0.51%"
"Jul 29, 2018","2.960","2.962","2.962","2.960","0.06%"
"Jul 27, 2018","2.958","2.976","2.988","2.951","-0.80%"
"Jul 26, 2018","2.982","2.974","2.984","2.947","0.30%"
"Jul 25, 2018","2.973","2.949","2.976","2.928","0.78%"
"Jul 24, 2018","2.950","2.958","2.973","2.945","-0.34%"
"Jul 23, 2018","2.960","2.895","2.967","2.882","2.31%"
"Jul 22, 2018","2.893","2.897","2.899","2.893","-0.07%"
"Jul 20, 2018","2.895","2.847","2.899","2.836","2.01%"
"Jul 19, 2018","2.838","2.880","2.897","2.831","-1.29%"
"Jul 18, 2018","2.875","2.864","2.882","2.847","0.52%"
"Jul 17, 2018","2.860","2.860","2.873","2.847","0.14%"
"Jul 16, 2018","2.856","2.823","2.877","2.823","0.96%"
"Jul 15, 2018","2.829","2.829","2.829","2.829","0.00%"
"Jul 13, 2018","2.829","2.856","2.858","2.827","-0.70%"
"Jul 12, 2018","2.849","2.853","2.871","2.845","0.32%"
"Jul 11, 2018","2.840","2.838","2.866","2.825","-0.94%"
"Jul 10, 2018","2.867","2.862","2.875","2.851","0.31%"
"Jul 09, 2018","2.858","2.829","2.862","2.829","1.15%"
"Jul 08, 2018","2.825","2.827","2.827","2.825","0.05%"
"Jul 06, 2018","2.824","2.831","2.849","2.807","-0.32%"
"Jul 05, 2018","2.833","2.842","2.866","2.820","-0.31%"
"Jul 04, 2018","2.842","2.842","2.842","2.842","0.31%"
"Jul 03, 2018","2.833","2.869","2.884","2.831","-1.32%"
"Jul 02, 2018","2.871","2.858","2.873","2.824","0.51%"
"Jul 01, 2018","2.856","2.858","2.860","2.856","-0.12%"
"Jun 29, 2018","2.860","2.844","2.868","2.833","0.70%"
"Jun 28, 2018","2.840","2.833","2.853","2.822","0.46%"
"Jun 27, 2018","2.827","2.884","2.886","2.826","-1.74%"
"Jun 26, 2018","2.877","2.882","2.900","2.866","-0.17%"
"Jun 25, 2018","2.882","2.893","2.897","2.866","-0.32%"
"Jun 24, 2018","2.891","2.886","2.891","2.886","-0.13%"
"Jun 22, 2018","2.895","2.904","2.928","2.893","-0.14%"
"Jun 21, 2018","2.899","2.937","2.950","2.891","-1.29%"
"Jun 20, 2018","2.937","2.895","2.941","2.882","1.38%"
"Jun 19, 2018","2.897","2.897","2.904","2.853","-0.69%"
"Jun 18, 2018","2.917","2.922","2.933","2.900","-0.12%"
"Jun 17, 2018","2.921","2.921","2.921","2.921","-0.05%"
"Jun 15, 2018","2.922","2.937","2.937","2.889","-0.44%"
"Jun 14, 2018","2.935","2.970","2.976","2.928","-1.31%"
"Jun 13, 2018","2.974","2.961","3.010","2.950","0.30%"
"Jun 12, 2018","2.965","2.957","2.981","2.944","0.44%"
"Jun 11, 2018","2.952","2.952","2.970","2.950","0.00%"
"Jun 10, 2018","2.952","2.946","2.952","2.944","0.12%"
"Jun 08, 2018","2.948","2.941","2.950","2.889","0.89%"
"Jun 07, 2018","2.922","2.977","2.994","2.884","-1.75%"
"Jun 06, 2018","2.974","2.928","2.981","2.926","1.64%"
"Jun 05, 2018","2.926","2.939","2.942","2.900","-0.61%"
"Jun 04, 2018","2.944","2.908","2.946","2.902","1.31%"
"Jun 03, 2018","2.906","2.900","2.906","2.900","0.13%"
"Jun 01, 2018","2.902","2.862","2.926","2.860","1.47%"
"May 31, 2018","2.860","2.846","2.886","2.822","0.10%"
"May 30, 2018","2.857","2.763","2.888","2.763","2.40%"
"May 29, 2018","2.790","2.900","2.908","2.759","-3.74%"
"May 28, 2018","2.898","2.931","2.931","2.895","-1.11%"
"May 25, 2018","2.931","2.975","2.997","2.922","-1.55%"
"May 24, 2018","2.977","3.001","3.014","2.955","-0.57%"
"May 23, 2018","2.994","3.058","3.065","2.990","-2.25%"
"May 22, 2018","3.063","3.058","3.080","3.050","0.16%"
"May 21, 2018","3.058","3.080","3.084","3.054","-0.71%"
"May 20, 2018","3.080","3.060","3.080","3.060","0.65%"
"May 18, 2018","3.060","3.119","3.128","3.058","-1.77%"
"May 17, 2018","3.115","3.098","3.122","3.087","0.35%"
"May 16, 2018","3.104","3.070","3.104","3.058","1.04%"
"May 15, 2018","3.072","3.004","3.095","2.997","2.33%"
"May 14, 2018","3.002","2.975","3.004","2.959","0.91%"
"May 13, 2018","2.975","2.970","2.977","2.970","0.17%"
"May 11, 2018","2.970","2.966","2.982","2.948","0.20%"
"May 10, 2018","2.964","2.995","2.995","2.948","-1.40%"
"May 09, 2018","3.006","2.976","3.014","2.976","1.14%"
"May 08, 2018","2.972","2.952","2.987","2.944","0.68%"
"May 07, 2018","2.952","2.951","2.961","2.937","-0.05%"
"May 06, 2018","2.953","2.951","2.957","2.951","0.08%"
"May 04, 2018","2.951","2.950","2.965","2.911","0.10%"
"May 03, 2018","2.948","2.970","2.978","2.927","-0.94%"
"May 02, 2018","2.976","2.968","2.996","2.957","0.27%"
"May 01, 2018","2.968","2.959","2.979","2.949","0.44%"
"Apr 30, 2018","2.955","2.966","2.972","2.934","-0.13%"
"Apr 29, 2018","2.959","2.959","2.959","2.959","0.00%"
"Apr 27, 2018","2.959","2.987","2.988","2.955","-0.80%"
"Apr 26, 2018","2.983","3.024","3.033","2.981","-1.58%"
"Apr 25, 2018","3.031","2.994","3.035","2.990","1.07%"
"Apr 24, 2018","2.999","2.975","3.003","2.957","0.74%"
"Apr 23, 2018","2.977","2.968","2.998","2.962","0.32%"
"Apr 22, 2018","2.968","2.960","2.970","2.960","0.26%"
"Apr 20, 2018","2.960","2.917","2.962","2.904","1.61%"
"Apr 19, 2018","2.913","2.875","2.934","2.862","1.32%"
"Apr 18, 2018","2.875","2.829","2.876","2.823","1.59%"
"Apr 17, 2018","2.830","2.832","2.849","2.814","0.04%"
"Apr 16, 2018","2.829","2.841","2.865","2.825","-0.50%"
"Apr 15, 2018","2.843","2.825","2.845","2.825","0.64%"
"Apr 13, 2018","2.825","2.827","2.849","2.816","-0.63%"
"Apr 12, 2018","2.843","2.783","2.843","2.772","2.30%"
"Apr 11, 2018","2.779","2.803","2.805","2.755","-0.79%"
"Apr 10, 2018","2.801","2.783","2.812","2.779","0.72%"
"Apr 09, 2018","2.781","2.786","2.814","2.772","-0.19%"
"Apr 08, 2018","2.786","2.775","2.788","2.775","0.41%"
"Apr 06, 2018","2.775","2.817","2.830","2.768","-2.08%"
"Apr 05, 2018","2.834","2.808","2.838","2.805","0.93%"
"Apr 04, 2018","2.808","2.773","2.810","2.748","0.97%"
"Apr 03, 2018","2.781","2.737","2.790","2.735","1.76%"
"Apr 02, 2018","2.733","2.759","2.773","2.717","-1.00%"
"Apr 01, 2018","2.761","2.755","2.763","2.755","0.72%"
"Mar 29, 2018","2.741","2.784","2.792","2.739","-1.51%"
"Mar 28, 2018","2.783","2.781","2.790","2.743","0.29%"
"Mar 27, 2018","2.775","2.854","2.859","2.770","-2.70%"
"Mar 26, 2018","2.852","2.819","2.856","2.815","1.11%"
"Mar 25, 2018","2.821","2.817","2.823","2.817","0.28%"
"Mar 23, 2018","2.813","2.806","2.852","2.792","-0.35%"
"Mar 22, 2018","2.823","2.881","2.889","2.799","-2.01%"
"Mar 21, 2018","2.881","2.890","2.936","2.870","-0.66%"
"Mar 20, 2018","2.900","2.855","2.901","2.852","1.54%"
"Mar 19, 2018","2.856","2.857","2.879","2.833","0.00%"
"Mar 18, 2018","2.855","2.845","2.920","2.845","0.37%"
"Mar 16, 2018","2.845","2.830","2.859","2.810","0.67%"
"Mar 15, 2018","2.826","2.819","2.835","2.797","0.25%"
"Mar 14, 2018","2.819","2.841","2.857","2.801","-0.88%"
"Mar 13, 2018","2.844","2.872","2.883","2.830","-0.77%"
"Mar 12, 2018","2.866","2.905","2.910","2.863","-1.34%"
"Mar 11, 2018","2.905","2.896","2.908","2.896","0.30%"
"Mar 09, 2018","2.896","2.872","2.914","2.868","1.37%"
"Mar 08, 2018","2.857","2.885","2.892","2.848","-0.83%"
"Mar 07, 2018","2.881","2.848","2.888","2.842","-0.17%"
"Mar 06, 2018","2.886","2.880","2.906","2.857","0.10%"
"Mar 05, 2018","2.883","2.850","2.897","2.810","1.23%"
"Mar 04, 2018","2.848","2.850","2.850","2.846","-0.70%"
"Mar 02, 2018","2.868","2.819","2.870","2.793","2.03%"
"Mar 01, 2018","2.811","2.866","2.875","2.795","-1.85%"
"Feb 28, 2018","2.864","2.901","2.912","2.862","-1.28%"
"Feb 27, 2018","2.901","2.861","2.925","2.850","1.29%"
"Feb 26, 2018","2.864","2.875","2.875","2.831","-0.39%"
"Feb 25, 2018","2.875","2.866","2.879","2.866","0.32%"
"Feb 23, 2018","2.866","2.926","2.937","2.861","-1.82%"
"Feb 22, 2018","2.919","2.946","2.948","2.904","-1.12%"
"Feb 21, 2018","2.952","2.891","2.957","2.877","2.11%"
"Feb 20, 2018","2.891","2.891","2.928","2.884","0.05%"
"Feb 19, 2018","2.889","2.888","2.891","2.888","0.57%"
"Feb 18, 2018","2.873","2.873","2.873","2.873","0.00%"
"Feb 16, 2018","2.873","2.909","2.911","2.849","-1.14%"
"Feb 15, 2018","2.906","2.909","2.944","2.882","-0.24%"
"Feb 14, 2018","2.913","2.833","2.920","2.808","2.82%"
"Feb 13, 2018","2.833","2.855","2.862","2.822","-0.87%"
"Feb 12, 2018","2.858","2.902","2.902","2.828","0.05%"
"Feb 11, 2018","2.857","2.857","2.857","2.857","0.00%"
"Feb 09, 2018","2.857","2.829","2.864","2.786","1.03%"
"Feb 08, 2018","2.828","2.809","2.884","2.808","-0.21%"
"Feb 07, 2018","2.834","2.803","2.861","2.758","1.03%"
"Feb 06, 2018","2.805","2.730","2.807","2.648","3.54%"
"Feb 05, 2018","2.709","2.847","2.885","2.698","-4.78%"
"Feb 04, 2018","2.845","2.841","2.849","2.841","0.14%"
"Feb 02, 2018","2.841","2.790","2.854","2.783","2.12%"
"Feb 01, 2018","2.782","2.724","2.793","2.720","2.58%"
"Jan 31, 2018","2.712","2.720","2.754","2.696","-0.44%"
"Jan 30, 2018","2.724","2.703","2.733","2.681","0.93%"
"Jan 29, 2018","2.699","2.658","2.727","2.654","1.54%"
"Jan 28, 2018","2.658","2.662","2.662","2.658","-0.07%"
"Jan 26, 2018","2.660","2.622","2.673","2.621","1.37%"
"Jan 25, 2018","2.624","2.650","2.676","2.615","-0.91%"
"Jan 24, 2018","2.648","2.611","2.665","2.609","1.18%"
"Jan 23, 2018","2.617","2.656","2.659","2.611","-1.47%"
"Jan 22, 2018","2.656","2.661","2.672","2.632","-0.26%"
"Jan 21, 2018","2.663","2.661","2.665","2.659","0.07%"
"Jan 19, 2018","2.661","2.624","2.663","2.613","1.41%"
"Jan 18, 2018","2.624","2.590","2.627","2.585","1.43%"
"Jan 17, 2018","2.587","2.533","2.592","2.532","1.89%"
"Jan 16, 2018","2.539","2.553","2.563","2.522","-0.50%"
"Jan 15, 2018","2.552","2.550","2.552","2.550","0.07%"
"Jan 12, 2018","2.550","2.549","2.594","2.542","0.51%"
"Jan 11, 2018","2.537","2.553","2.570","2.526","-0.86%"
"Jan 10, 2018","2.559","2.551","2.597","2.544","0.31%"
"Jan 09, 2018","2.551","2.482","2.555","2.480","2.86%"
"Jan 08, 2018","2.480","2.480","2.489","2.462","0.15%"
"Jan 07, 2018","2.476","2.476","2.476","2.476","0.00%"
"Jan 05, 2018","2.476","2.458","2.480","2.433","0.94%"
"Jan 04, 2018","2.453","2.458","2.487","2.449","0.33%"
"Jan 03, 2018","2.445","2.465","2.472","2.440","-0.69%"
"Jan 02, 2018","2.462","2.429","2.481","2.416","2.35%"
"Jan 01, 2018","2.405","2.405","2.405","2.405","0.00%"